date,steps
2016-01-01,2000
2016-01-02,2000
2016-01-03,2000
2016-01-04,2000
2016-01-05,2000
2016-01-06,2000
2016-01-07,2000
2016-01-08,2000
2016-01-09,2000
2016-01-10,2000
2016-01-11,2000
2016-01-12,2000
2016-01-13,2000
2016-01-14,2000
2016-01-15,2000
2016-01-16,2000
2016-01-17,2000
2016-01-18,2000
2016-01-19,2000
2016-01-20,2000
2016-01-21,2000
2016-01-22,2000
2016-01-23,2000
2016-01-24,2000
2016-01-25,2000
2016-01-26,2000
2016-01-27,2000
2016-01-28,2000
2016-01-29,2000
2016-01-30,2000
2016-01-31,2000
2016-02-01,2000
2016-02-02,2000
2016-02-03,2000
2016-02-04,2000
2016-02-05,2000
2016-02-06,2000
2016-02-07,2000
2016-02-08,2000
2016-02-09,2000
2016-02-10,2000
2016-02-11,2000
2016-02-12,2000
2016-02-13,2000
2016-02-14,2000
2016-02-15,2000
2016-02-16,2000
2016-02-17,2000
2016-02-18,2000
2016-02-19,2000
2016-02-20,2000
2016-02-21,2000
2016-02-22,2000
2016-02-23,2000
2016-02-24,2000
2016-02-25,2000
2016-02-26,2000
2016-02-27,2000
2016-02-28,2000
2016-03-01,3000
2016-03-02,3000
2016-03-03,3000
2016-03-04,3000
2016-03-05,3000
2016-03-06,3000
2016-03-07,3000
2016-03-08,3000
2016-03-09,3000
2016-03-10,3000
2016-03-11,3000
2016-03-12,3000
2016-03-13,3000
2016-03-14,3000
2016-03-15,3000
2016-03-16,3000
2016-03-17,3000
2016-03-18,3000
2016-03-19,3000
2016-03-20,3000
2016-03-21,3000
2016-03-22,3000
2016-03-23,3000
2016-03-24,3000
2016-03-25,3000
2016-03-26,3000
2016-03-27,3000
2016-03-28,3000
2016-03-29,3000
2016-03-30,3000
2016-03-31,3000
2016-04-01,3000
2016-04-02,3000
2016-04-03,3000
2016-04-04,3000
2016-04-05,3000
2016-04-06,3000
2016-04-07,3000
2016-04-08,3000
2016-04-09,3000
2016-04-10,3000
2016-04-11,3000
2016-04-12,3000
2016-04-13,3000
2016-04-14,3000
2016-04-15,3000
2016-04-16,3000
2016-04-17,3000
2016-04-18,3000
2016-04-19,3000
2016-04-20,3000
2016-04-21,3000
2016-04-22,3000
2016-04-23,3000
2016-04-24,3000
2016-04-25,3000
2016-04-26,3000
2016-04-27,3000
2016-04-28,3000
2016-04-29,3000
2016-04-30,3000
2016-05-01,3000
2016-05-02,3000
2016-05-03,3000
2016-05-04,3000
2016-05-05,3000
2016-05-06,3000
2016-05-07,3000
2016-05-08,3000
2016-05-09,3000
2016-05-10,3000
2016-05-11,3000
2016-05-12,3000
2016-05-13,3000
2016-05-14,3000
2016-05-15,3000
2016-05-16,14000
2016-05-17,3000
2016-05-18,20000
2016-05-19,3000
2016-05-20,3000
2016-05-21,3000
2016-05-22,3000
2016-05-23,3000
2016-05-24,3000
2016-05-25,3000
2016-05-26,3000
2016-05-27,3000
2016-05-28,3000
2016-05-29,3000
2016-05-30,3000
2016-05-31,3000
2016-06-01,4000
2016-06-02,4000
2016-06-03,4000
2016-06-04,4000
2016-06-05,4000
2016-06-06,4000
2016-06-07,4000
2016-06-08,4000
2016-06-09,4000
2016-06-10,4000
2016-06-11,4000
2016-06-12,4000
2016-06-13,4000
2016-06-14,4000
2016-06-15,4000
2016-06-16,4000
2016-06-17,4000
2016-06-18,10000
2016-06-19,4000
2016-06-20,4000
2016-06-21,4000
2016-06-22,4000
2016-06-23,4000
2016-06-24,4000
2016-06-25,4000
2016-06-26,4000
2016-06-27,4000
2016-06-28,4000
2016-06-29,4000
2016-06-30,4000
2016-07-01,4000
2016-07-02,4000
2016-07-03,4000
2016-07-04,13000
2016-07-05,7000
2016-07-06,7000
2016-07-07,4000
2016-07-08,4000
2016-07-09,10000
2016-07-10,4000
2016-07-11,4000
2016-07-12,13000
2016-07-13,7000
2016-07-14,4000
2016-07-15,4000
2016-07-16,4000
2016-07-17,4000
2016-07-18,4000
2016-07-19,4000
2016-07-20,4000
2016-07-21,4000
2016-07-22,5000
2016-07-23,4000
2016-07-24,4000
2016-07-25,7000
2016-07-26,4000
2016-07-27,4000
2016-07-28,4000
2016-07-29,4000
2016-07-30,4000
2016-07-31,4000
2016-08-01,4000
2016-08-02,4000
2016-08-03,4000
2016-08-04,4000
2016-08-05,4000
2016-08-06,4000
2016-08-07,4000
2016-08-08,4000
2016-08-09,4000
2016-08-10,4000
2016-08-11,4000
2016-08-12,4000
2016-08-13,4000
2016-08-14,4000
2016-08-15,4000
2016-08-16,4000
2016-08-17,4000
2016-08-18,4000
2016-08-19,4000
2016-08-20,4000
2016-08-21,4000
2016-08-22,4000
2016-08-23,4000
2016-08-24,4000
2016-08-25,4000
2016-08-26,4000
2016-08-27,4000
2016-08-28,4000
2016-08-29,4000
2016-08-30,4000
2016-08-31,4000
2016-09-01,6130
2016-09-02,6130
2016-09-03,6130
2016-09-04,6130
2016-09-05,6130
2016-09-06,6130
2016-09-07,6130
2016-09-08,6130
2016-09-09,6130
2016-09-10,6130
2016-09-11,6130
2016-09-12,6130
2016-09-13,6130
2016-09-14,6130
2016-09-15,6130
2016-09-16,6130
2016-09-17,6130
2016-09-18,6130
2016-09-19,6130
2016-09-20,6130
2016-09-21,6130
2016-09-22,6130
2016-09-23,6130
2016-09-24,6130
2016-09-25,6130
2016-09-26,6130
2016-09-27,6130
2016-09-28,6130
2016-09-29,6130
2016-09-30,6130
2016-10-01,6130
2016-10-02,6130
2016-10-03,6130
2016-10-04,6130
2016-10-05,6130
2016-10-06,6130
2016-10-07,6130
2016-10-08,6130
2016-10-09,6130
2016-10-10,6130
2016-10-11,6130
2016-10-12,6130
2016-10-13,6130
2016-10-14,6130
2016-10-15,6130
2016-10-16,6130
2016-10-17,6130
2016-10-18,6130
2016-10-19,6130
2016-10-20,6130
2016-10-21,6130
2016-10-22,6130
2016-10-23,6130
2016-10-24,6130
2016-10-25,6500
2016-10-26,6130
2016-10-27,6130
2016-10-28,6130
2016-10-29,6130
2016-10-30,6130
2016-10-31,6130
2016-11-01,6130
2016-11-02,6130
2016-11-03,6130
2016-11-04,6130
2016-11-05,6130
2016-11-06,6130
2016-11-07,6130
2016-11-08,6130
2016-11-09,6130
2016-11-10,6130
2016-11-11,6130
2016-11-12,6130
2016-11-13,6130
2016-11-14,6130
2016-11-15,6130
2016-11-16,6130
2016-11-17,6130
2016-11-18,6130
2016-11-19,6130
2016-11-20,5080
2016-11-21,5080
2016-11-22,5080
2016-11-23,5080
2016-11-24,5080
2016-11-25,5080
2016-11-26,5080
2016-11-27,5080
2016-11-28,5080
2016-11-29,5080
2016-11-30,5080
2016-12-01,5080
2016-12-02,5080
2016-12-03,5080
2016-12-04,5080
2016-12-05,5080
2016-12-06,5080
2016-12-07,5080
2016-12-08,5080
2016-12-09,5080
2016-12-10,5080
2016-12-11,5080
2016-12-12,5080
2016-12-13,5080
2016-12-14,5080
2016-12-15,4000
2016-12-16,4000
2016-12-17,4000
2016-12-18,4000
2016-12-19,4000
2016-12-20,4000
2016-12-21,4000
2016-12-22,4000
2016-12-23,4000
2016-12-24,4000
2016-12-25,4000
2016-12-26,4000
2016-12-27,4000
2016-12-28,4000
2016-12-29,4000
2016-12-30,4000
2016-12-31,4000
2017-01-01,4000
2017-01-02,4000
2017-01-03,4000
2017-01-04,4000
2017-01-05,4000
2017-01-06,4000
2017-01-07,4000
2017-01-08,4000
2017-01-09,4000
2017-01-10,4000
2017-01-11,4000
2017-01-12,4000
2017-01-13,4000
2017-01-14,4000
2017-01-15,4000
2017-01-16,4000
2017-01-17,4000
2017-01-18,4000
2017-01-19,4000
2017-01-20,4000
2017-01-21,4000
2017-01-22,4000
2017-01-23,4000
2017-01-24,5187
2017-01-25,5187
2017-01-26,5187
2017-01-27,5187
2017-01-28,5187
2017-01-29,5187
2017-01-30,5187
2017-01-31,5187
2017-02-01,5187
2017-02-02,5187
2017-02-03,5187
2017-02-04,5187
2017-02-05,5187
2017-02-06,5187
2017-02-07,5187
2017-02-08,5187
2017-02-09,5187
2017-02-10,5187
2017-02-11,5187
2017-02-12,5187
2017-02-13,5187
2017-02-14,5187
2017-02-15,5187
2017-02-16,5187
2017-02-17,5187
2017-02-18,5187
2017-02-19,5187
2017-02-20,5187
2017-02-21,5187
2017-02-22,5187
2017-02-23,5187
2017-02-24,5187
2017-02-25,5187
2017-02-26,5187
2017-02-27,5187
2017-02-28,5187
2017-03-01,5187
2017-03-02,5187
2017-03-03,5187
2017-03-04,5187
2017-03-05,5187
2017-03-06,5187
2017-03-07,5187
2017-03-08,5187
2017-03-09,5187
2017-03-10,7000
2017-03-11,5187
2017-03-12,5187
2017-03-13,5187
2017-03-14,5187
2017-03-15,5187
2017-03-16,5850
2017-03-17,5850
2017-03-18,5850
2017-03-19,5850
2017-03-20,5850
2017-03-21,5850
2017-03-22,5850
2017-03-23,5850
2017-03-24,5850
2017-03-25,5850
2017-03-26,5850
2017-03-27,5850
2017-03-28,5850
2017-03-29,5850
2017-03-30,5850
2017-03-31,5850
2017-04-01,5850
2017-04-02,5850
2017-04-03,5850
2017-04-04,5850
2017-04-05,5850
2017-04-06,5850
2017-04-07,5850
2017-04-08,5850
2017-04-09,5850
2017-04-10,5850
2017-04-11,5850
2017-04-12,5850
2017-04-13,5850
2017-04-14,5850
2017-04-15,5850
2017-04-16,5850
2017-04-17,5850
2017-04-18,5850
2017-04-19,5850
2017-04-20,5850
2017-04-21,5850
2017-04-22,5850
2017-04-23,5850
2017-04-24,5850
2017-04-25,5850
2017-04-26,5850
2017-04-27,5850
2017-04-28,5850
2017-04-29,5850
2017-04-30,5850
2017-05-01,5850
2017-05-02,5850
2017-05-03,5850
2017-05-04,5850
2017-05-05,5850
2017-05-06,5850
2017-05-07,5850
2017-05-08,5850
2017-05-09,5850
2017-05-10,5850
2017-05-11,4000
2017-05-12,4000
2017-05-13,4000
2017-05-14,4000
2017-05-15,4000
2017-05-16,4000
2017-05-17,4000
2017-05-18,4000
2017-05-19,4000
2017-05-20,4000
2017-05-21,4000
2017-05-22,4000
2017-05-23,4000
2017-05-24,4000
2017-05-25,4000
2017-05-26,4000
2017-05-27,4000
2017-05-28,4000
2017-05-29,4000
2017-05-30,4000
2017-05-31,4000
2017-06-01,4000
2017-06-02,4000
2017-06-03,4000
2017-06-04,4000
2017-06-05,4000
2017-06-06,4000
2017-06-07,4000
2017-06-08,4000
2017-06-09,4000
2017-06-10,4000
2017-06-11,4000
2017-06-12,4000
2017-06-13,4000
2017-06-14,4000
2017-06-15,4000
2017-06-16,4000
2017-06-17,4000
2017-06-18,4000
2017-06-19,4000
2017-06-20,4000
2017-06-21,4000
2017-06-22,4000
2017-06-23,4000
2017-06-24,4000
2017-06-25,4000
2017-06-26,4000
2017-06-27,4000
2017-06-28,4000
2017-06-29,4000
2017-06-30,4000
2017-07-01,4000
2017-07-02,4000
2017-07-03,4000
2017-07-04,4000
2017-07-05,4000
2017-07-06,4000
2017-07-07,4000
2017-07-08,4000
2017-07-09,4000
2017-07-10,4000
2017-07-11,4000
2017-07-12,4000
2017-07-13,4000
2017-07-14,4000
2017-07-15,4000
2017-07-16,4000
2017-07-17,4000
2017-07-18,4000
2017-07-19,4000
2017-07-20,4000
2017-07-21,4000
2017-07-22,4000
2017-07-23,4000
2017-07-24,4000
2017-07-25,4000
2017-07-26,4000
2017-07-27,4000
2017-07-28,4000
2017-07-29,4000
2017-07-30,4000
2017-07-31,4000
2017-08-01,14000
2017-08-02,4000
2017-08-03,4000
2017-08-04,4000
2017-08-05,4000
2017-08-06,4000
2017-08-07,4000
2017-08-08,4000
2017-08-09,4000
2017-08-10,4000
2017-08-11,4000
2017-08-12,4000
2017-08-13,4000
2017-08-14,4000
2017-08-15,4000
2017-08-16,4000
2017-08-17,4000
2017-08-18,4000
2017-08-19,4000
2017-08-20,4000
2017-08-21,4000
2017-08-22,4000
2017-08-23,4000
2017-08-24,4000
2017-08-25,4000
2017-08-26,4000
2017-08-27,4000
2017-08-28,4000
2017-08-29,4000
2017-08-30,4000
2017-08-31,4000
2017-09-01,5850
2017-09-02,5850
2017-09-03,5850
2017-09-04,5850
2017-09-05,5850
2017-09-06,5850
2017-09-07,5850
2017-09-08,5850
2017-09-09,5850
2017-09-10,5850
2017-09-11,5850
2017-09-12,5850
2017-09-13,5850
2017-09-14,5850
2017-09-15,5850
2017-09-16,5850
2017-09-17,5850
2017-09-18,5850
2017-09-19,5850
2017-09-20,5850
2017-09-21,5850
2017-09-22,5850
2017-09-23,5850
2017-09-24,5850
2017-09-25,5850
2017-09-26,5850
2017-09-27,5850
2017-09-28,5850
2017-09-29,5850
2017-09-30,5850
2017-10-01,5850
2017-10-02,5850
2017-10-03,5850
2017-10-04,5850
2017-10-05,5850
2017-10-06,5850
2017-10-07,5850
2017-10-08,5850
2017-10-09,5850
2017-10-10,5850
2017-10-11,5850
2017-10-12,5850
2017-10-13,5850
2017-10-14,5850
2017-10-15,5850
2017-10-16,5850
2017-10-17,5850
2017-10-18,5850
2017-10-19,5850
2017-10-20,5850
2017-10-21,5850
2017-10-22,5850
2017-10-23,5850
2017-10-24,5850
2017-10-25,5850
2017-10-26,5850
2017-10-27,5850
2017-10-28,5850
2017-10-29,5850
2017-10-30,5850
2017-10-31,5850
2017-11-01,5850
2017-11-02,5850
2017-11-03,5850
2017-11-04,5850
2017-11-05,5850
2017-11-06,5850
2017-11-07,5850
2017-11-08,5850
2017-11-09,5850
2017-11-10,5850
2017-11-11,5850
2017-11-12,5850
2017-11-13,5850
2017-11-14,5850
2017-11-15,5850
2017-11-16,5187
2017-11-17,5187
2017-11-18,5187
2017-11-19,5187
2017-11-20,5187
2017-11-21,5187
2017-11-22,5187
2017-11-23,5187
2017-11-24,5187
2017-11-25,5187
2017-11-26,5187
2017-11-27,5187
2017-11-28,5187
2017-11-29,5187
2017-11-30,5187
2017-12-01,5187
2017-12-02,5187
2017-12-03,5187
2017-12-04,5187
2017-12-05,5187
2017-12-06,5187
2017-12-07,5187
2017-12-08,5187
2017-12-09,5187
2017-12-10,5187
2017-12-11,5187
2017-12-12,5187
2017-12-13,5187
2017-12-14,5187
2017-12-15,5187
2017-12-16,4000
2017-12-17,4000
2017-12-18,4000
2017-12-19,4000
2017-12-20,4000
2017-12-21,4000
2017-12-22,4000
2017-12-23,4000
2017-12-24,4000
2017-12-25,4000
2017-12-26,4000
2017-12-27,4000
2017-12-28,4000
2017-12-29,4000
2017-12-30,4000
2017-12-31,4000
2018-01-01,4000
2018-01-02,4000
2018-01-03,4000
2018-01-04,4000
2018-01-05,4000
2018-01-06,4000
2018-01-07,4000
2018-01-08,4000
2018-01-09,4000
2018-01-10,4000
2018-01-11,5517
2018-01-12,5517
2018-01-13,5517
2018-01-14,5517
2018-01-15,5517
2018-01-16,5517
2018-01-17,5517
2018-01-18,5517
2018-01-19,5517
2018-01-20,5517
2018-01-21,5517
2018-01-22,5517
2018-01-23,5517
2018-01-24,5517
2018-01-25,5517
2018-01-26,5517
2018-01-27,5517
2018-01-28,5517
2018-01-29,5517
2018-01-30,5517
2018-01-31,5517
2018-02-01,5517
2018-02-02,5517
2018-02-03,5517
2018-02-04,5517
2018-02-05,5517
2018-02-06,5517
2018-02-07,5517
2018-02-08,5517
2018-02-09,5517
2018-02-10,5517
2018-02-11,5517
2018-02-12,5517
2018-02-13,5517
2018-02-14,5517
2018-02-15,5517
2018-02-16,5517
2018-02-17,5517
2018-02-18,5517
2018-02-19,5517
2018-02-20,5517
2018-02-21,5517
2018-02-22,5517
2018-02-23,5517
2018-02-24,5517
2018-02-25,5517
2018-02-26,5517
2018-02-27,5517
2018-02-28,5517
2018-03-01,6642
2018-03-02,6642
2018-03-03,6642
2018-03-04,6642
2018-03-05,6642
2018-03-06,6642
2018-03-07,6642
2018-03-08,6642
2018-03-09,6642
2018-03-10,6642
2018-03-11,6642
2018-03-12,6642
2018-03-13,6642
2018-03-14,6642
2018-03-15,6642
2018-03-16,6642
2018-03-17,6642
2018-03-18,6642
2018-03-19,6642
2018-03-20,6642
2018-03-21,6642
2018-03-22,6642
2018-03-23,6642
2018-03-24,6642
2018-03-25,6642
2018-03-26,6642
2018-03-27,6642
2018-03-28,6642
2018-03-29,6642
2018-03-30,6642
2018-03-31,6642
2018-04-01,6642
2018-04-02,6642
2018-04-03,6642
2018-04-04,6642
2018-04-05,8000
2018-04-06,8000
2018-04-07,10000
2018-04-08,7000
2018-04-09,6642
2018-04-10,6642
2018-04-11,6642
2018-04-12,6642
2018-04-13,10000
2018-04-14,6642
2018-04-15,6642
2018-04-16,6642
2018-04-17,6642
2018-04-18,6642
2018-04-19,6642
2018-04-20,6642
2018-04-21,6642
2018-04-22,6642
2018-04-23,6642
2018-04-24,6642
2018-04-25,6642
2018-04-26,6642
2018-04-27,6642
2018-04-28,6642
2018-04-29,6642
2018-04-30,6642
2018-05-01,6642
2018-05-02,6642
2018-05-03,6642
2018-05-04,6642
2018-05-05,6642
2018-05-06,6642
2018-05-07,6642
2018-05-08,6642
2018-05-09,6642
2018-05-10,6642
2018-05-11,4000
2018-05-12,4000
2018-05-13,4000
2018-05-14,4000
2018-05-15,4000
2018-05-16,4000
2018-05-17,4000
2018-05-18,4000
2018-05-19,4000
2018-05-20,4000
2018-05-21,4000
2018-05-22,4000
2018-05-23,4000
2018-05-24,4000
2018-05-25,4000
2018-05-26,4000
2018-05-27,4000
2018-05-28,4000
2018-05-29,4000
2018-05-30,4000
2018-05-31,4000
2018-06-01,4000
2018-06-02,4000
2018-06-03,4000
2018-06-04,4000
2018-06-05,4000
2018-06-06,4000
2018-06-07,4000
2018-06-08,4000
2018-06-09,4000
2018-06-10,4000
2018-06-11,4000
2018-06-12,4000
2018-06-13,4000
2018-06-14,4000
2018-06-15,4000
2018-06-16,4000
2018-06-17,4000
2018-06-18,4000
2018-06-19,4000
2018-06-20,4000
2018-06-21,4000
2018-06-22,4000
2018-06-23,4000
2018-06-24,4000
2018-06-25,4000
2018-06-26,4000
2018-06-27,4000
2018-06-28,4000
2018-06-29,4000
2018-06-30,4000
2018-07-01,4000
2018-07-02,4000
2018-07-03,4000
2018-07-04,4000
2018-07-05,4000
2018-07-06,4000
2018-07-07,4000
2018-07-08,4000
2018-07-09,4000
2018-07-10,4000
2018-07-11,4000
2018-07-12,4000
2018-07-13,4000
2018-07-14,4000
2018-07-15,4000
2018-07-16,4000
2018-07-17,4000
2018-07-18,4000
2018-07-19,4000
2018-07-20,4000
2018-07-21,4000
2018-07-22,4000
2018-07-23,4000
2018-07-24,4000
2018-07-25,4000
2018-07-26,4000
2018-07-27,4000
2018-07-28,4000
2018-07-29,4000
2018-07-30,4000
2018-07-31,4000
2018-08-01,4000
2018-08-02,4000
2018-08-03,4000
2018-08-04,4000
2018-08-05,4000
2018-08-06,4000
2018-08-07,4000
2018-08-08,4000
2018-08-09,4000
2018-08-10,4000
2018-08-11,4000
2018-08-12,4000
2018-08-13,4000
2018-08-14,4000
2018-08-15,4000
2018-08-16,4000
2018-08-17,4000
2018-08-18,4000
2018-08-19,4000
2018-08-20,4000
2018-08-21,4000
2018-08-22,4000
2018-08-23,4000
2018-08-24,4000
2018-08-25,4000
2018-08-26,4000
2018-08-27,4000
2018-08-28,4000
2018-08-29,4000
2018-08-30,4000
2018-08-31,4000
2018-09-01,6642
2018-09-02,6642
2018-09-03,6642
2018-09-04,6642
2018-09-05,6642
2018-09-06,6642
2018-09-07,6642
2018-09-08,6642
2018-09-09,6642
2018-09-10,6642
2018-09-11,6642
2018-09-12,6642
2018-09-13,6642
2018-09-14,6642
2018-09-15,6642
2018-09-16,8000
2018-09-17,8000
2018-09-18,6642
2018-09-19,6642
2018-09-20,6642
2018-09-21,6642
2018-09-22,6642
2018-09-23,6642
2018-09-24,6642
2018-09-25,6642
2018-09-26,6642
2018-09-27,6642
2018-09-28,6642
2018-09-29,6642
2018-09-30,6642
2018-10-01,6642
2018-10-02,6642
2018-10-03,6642
2018-10-04,6642
2018-10-05,6642
2018-10-06,6642
2018-10-07,6642
2018-10-08,6642
2018-10-09,6642
2018-10-10,6642
2018-10-11,6642
2018-10-12,6642
2018-10-13,6642
2018-10-14,6642
2018-10-15,6642
2018-10-16,6642
2018-10-17,6642
2018-10-18,6642
2018-10-19,6642
2018-10-20,6642
2018-10-21,6642
2018-10-22,6642
2018-10-23,6642
2018-10-24,6642
2018-10-25,6642
2018-10-26,6642
2018-10-27,6642
2018-10-28,6642
2018-10-29,6642
2018-10-30,6642
2018-10-31,6642
2018-11-01,6642
2018-11-02,6642
2018-11-03,6642
2018-11-04,6642
2018-11-05,6642
2018-11-06,6642
2018-11-07,6642
2018-11-08,6642
2018-11-09,6642
2018-11-10,6642
2018-11-11,6642
2018-11-12,6642
2018-11-13,6642
2018-11-14,6642
2018-11-15,10000
2018-11-16,6642
2018-11-17,6642
2018-11-18,6642
2018-11-19,6642
2018-11-20,6642
2018-11-21,6642
2018-11-22,6642
2018-11-23,6642
2018-11-24,6642
2018-11-25,6642
2018-11-26,6642
2018-11-27,6642
2018-11-28,6642
2018-11-29,6642
2018-11-30,6642
2018-12-01,5517
2018-12-02,5517
2018-12-03,5517
2018-12-04,5517
2018-12-05,5517
2018-12-06,5517
2018-12-07,5517
2018-12-08,5517
2018-12-09,5517
2018-12-10,5517
2018-12-11,5517
2018-12-12,5517
2018-12-13,5517
2018-12-14,5517
2018-12-15,5517
2018-12-16,4000
2018-12-17,4000
2018-12-18,4000
2018-12-19,4000
2018-12-20,4000
2018-12-21,4000
2018-12-22,4000
2018-12-23,4000
2018-12-24,4000
2018-12-25,4000
2018-12-26,4000
2018-12-27,4000
2018-12-28,4000
2018-12-29,4000
2018-12-30,4000
2018-12-31,4000
2019-01-01,5500
2019-01-02,5500
2019-01-03,5500
2019-01-04,5500
2019-01-05,5500
2019-01-06,5500
2019-01-07,5500
2019-01-08,5500
2019-01-09,5500
2019-01-10,5500
2019-01-11,5500
2019-01-12,5500
2019-01-13,5500
2019-01-14,5500
2019-01-15,5500
2019-01-16,5500
2019-01-17,5500
2019-01-18,5500
2019-01-19,5500
2019-01-20,5500
2019-01-21,5500
2019-01-22,5500
2019-01-23,5500
2019-01-24,5500
2019-01-25,5500
2019-01-26,5500
2019-01-27,5500
2019-01-28,5500
2019-01-29,5500
2019-01-30,5500
2019-01-31,5500
2019-02-01,6650
2019-02-02,6650
2019-02-03,6650
2019-02-04,6650
2019-02-05,6650
2019-02-06,6650
2019-02-07,6650
2019-02-08,6650
2019-02-09,6650
2019-02-10,6650
2019-02-11,6650
2019-02-12,6650
2019-02-13,6650
2019-02-14,6650
2019-02-15,6650
2019-02-16,6650
2019-02-17,6650
2019-02-18,6650
2019-02-19,6650
2019-02-20,6650
2019-02-21,6650
2019-02-22,6650
2019-02-23,6650
2019-02-24,6650
2019-02-25,6650
2019-02-26,6650
2019-02-27,6650
2019-02-28,6650
2019-03-01,6650
2019-03-02,6650
2019-03-03,6650
2019-03-04,6650
2019-03-05,6650
2019-03-06,6650
2019-03-07,6650
2019-03-08,6650
2019-03-09,6650
2019-03-10,6650
2019-03-11,6650
2019-03-12,6650
2019-03-13,6650
2019-03-14,6650
2019-03-15,940
2019-03-16,4946
2019-03-17,20450
2019-03-18,3216
2019-03-19,13213
2019-03-20,5063
2019-03-21,6853
2019-03-22,11469
2019-03-23,5217
2019-03-24,9646
2019-03-25,14561
2019-03-26,9929
2019-03-27,11889
2019-03-28,4511
2019-03-29,6079
2019-03-30,2256
2019-03-31,10070
2019-04-01,5360
2019-04-02,11626
2019-04-03,5030
2019-04-04,8161
2019-04-05,12203
2019-04-06,3121
2019-04-07,6990
2019-04-08,7677
2019-04-09,5248
2019-04-10,8118
2019-04-11,7971
2019-04-12,20224
2019-04-13,7262
2019-04-14,19283
2019-04-15,13650
2019-04-16,11819
2019-04-17,7824
2019-04-18,27012
2019-04-19,28657
2019-04-20,15291
2019-04-21,8303
2019-04-22,6312
2019-04-23,9092
2019-04-24,9838
2019-04-25,8492
2019-04-26,11519
2019-04-27,6975
2019-04-28,4124
2019-04-29,4106
2019-04-30,5074
2019-05-01,3510
2019-05-02,8290
2019-05-03,9904
2019-05-04,6604
2019-05-05,1673
2019-05-06,6297
2019-05-07,8785
2019-05-08,9280
2019-05-09,3517
2019-05-10,5618
2019-05-11,8229
2019-05-12,3397
2019-05-13,6440
2019-05-14,5148
2019-05-15,27888
2019-05-16,21143
2019-05-17,22167
2019-05-18,14899
2019-05-19,10196
2019-05-20,13417
2019-05-21,18847
2019-05-22,13527
2019-05-23,9199
2019-05-24,14835
2019-05-25,22324
2019-05-26,19294
2019-05-27,16919
2019-05-28,9739
2019-05-29,15252
2019-05-30,13908
2019-05-31,22286
2019-06-01,10750
2019-06-02,17554
2019-06-03,7880
2019-06-04,17993
2019-06-05,13684
2019-06-06,15488
2019-06-07,16159
2019-06-08,2785
2019-06-09,9051
2019-06-10,1600
2019-06-11,1137
2019-06-12,6275
2019-06-13,2035
2019-06-14,2085
2019-06-15,5990
2019-06-16,1274
2019-06-17,789
2019-06-18,7622
2019-06-19,2102
2019-06-20,1588
2019-06-21,7048
2019-06-22,5721
2019-06-23,4195
2019-06-24,4854
2019-06-25,1691
2019-06-26,10301
2019-06-27,5875
2019-06-28,6712
2019-06-29,6882
2019-06-30,17738
2019-07-01,4929
2019-07-02,8146
2019-07-03,8775
2019-07-04,258
2019-07-05,4477
2019-07-06,7022
2019-07-07,12780
2019-07-08,8000
2019-07-09,5905
2019-07-10,9036
2019-07-11,3480
2019-07-12,6057
2019-07-13,12433
2019-07-14,25217
2019-07-15,4001
2019-07-16,6108
2019-07-17,7175
2019-07-18,4465
2019-07-19,5139
2019-07-20,7293
2019-07-21,2459
2019-07-22,7127
2019-07-23,4921
2019-07-24,4923
2019-07-25,5719
2019-07-26,4159
2019-07-27,10341
2019-07-28,4340
2019-07-29,6186
2019-07-30,11405
2019-07-31,9597
2019-08-01,3445
2019-08-02,13494
2019-08-03,5251
2019-08-04,3702
2019-08-05,11381
2019-08-06,7004
2019-08-07,12541
2019-08-08,6607
2019-08-09,5066
2019-08-10,2494
2019-08-11,1999
2019-08-12,9671
2019-08-13,3836
2019-08-14,4057
2019-08-15,5674
2019-08-16,4038
2019-08-17,5145
2019-08-18,843
2019-08-19,3490
2019-08-20,3912
2019-08-21,4615
2019-08-22,5229
2019-08-23,5150
2019-08-24,19173
2019-08-25,15019
2019-08-26,15842
2019-08-27,3519
2019-08-28,1828
2019-08-29,4946
2019-08-30,2785
2019-08-31,13633
2019-09-01,2698
2019-09-02,6378
2019-09-03,14810
2019-09-04,9217
2019-09-05,12692
2019-09-06,5294
2019-09-07,3048
2019-09-08,3629
2019-09-09,2122
2019-09-10,6244
2019-09-11,6200
2019-09-12,5617
2019-09-13,6280
2019-09-14,10976
2019-09-15,6160
2019-09-16,10555
2019-09-17,7098
2019-09-18,4744
2019-09-19,14073
2019-09-20,3013
2019-09-21,10432
2019-09-22,3430
2019-09-23,3237
2019-09-24,6687
2019-09-25,4830
2019-09-26,5645
2019-09-27,4925
2019-09-28,11689
2019-09-29,4752
2019-09-30,3545
2019-10-01,8481
2019-10-02,3645
2019-10-03,12149
2019-10-04,2004
2019-10-05,8001
2019-10-06,7859
2019-10-07,2926
2019-10-08,6378
2019-10-09,4672
2019-10-10,6187
2019-10-11,2221
2019-10-12,5469
2019-10-13,3647
2019-10-14,5252
2019-10-15,7130
2019-10-16,4223
2019-10-17,10750
2019-10-18,8284
2019-10-19,3752
2019-10-20,11062
2019-10-21,4539
2019-10-22,4753
2019-10-23,2223
2019-10-24,4565
2019-10-25,386
2019-10-26,11021
2019-10-27,415
2019-10-28,4368
2019-10-29,7795
2019-10-30,4257
2019-10-31,4791
2019-11-01,11875
2019-11-02,3595
2019-11-03,13173
2019-11-04,11528
2019-11-05,6875
2019-11-06,4691
2019-11-07,6497
2019-11-08,3878
2019-11-09,4822
2019-11-10,3341
2019-11-11,6893
2019-11-12,6082
2019-11-13,3509
2019-11-14,9437
2019-11-15,6220
2019-11-16,8869
2019-11-17,19670
2019-11-18,5746
2019-11-19,7154
2019-11-20,6206
2019-11-21,4856
2019-11-22,6761
2019-11-23,7061
2019-11-24,3021
2019-11-25,2817
2019-11-26,6011
2019-11-27,1527
2019-11-28,3557
2019-11-29,529
2019-11-30,1141
2019-12-01,528
2019-12-02,2877
2019-12-03,6927
2019-12-04,6358
2019-12-05,1821
2019-12-06,7776
2019-12-07,7067
2019-12-08,8884
2019-12-09,9361
2019-12-10,9370
2019-12-11,7659
2019-12-12,7524
2019-12-13,8150
2019-12-14,3700
2019-12-15,5840
2019-12-16,8155
2019-12-17,8731
2019-12-18,12723
2019-12-19,7234
2019-12-20,8608
2019-12-21,1841
2019-12-22,4263
2019-12-23,10314
2019-12-24,7623
2019-12-25,4318
2019-12-26,10641
2019-12-27,7550
2019-12-28,2109
2019-12-29,1202
2019-12-30,3730
2019-12-31,5812
2020-01-01,2572
2020-01-02,10828
2020-01-03,2254
2020-01-04,6749
2020-01-05,2536
2020-01-06,1756
2020-01-07,2998
2020-01-08,8320
2020-01-09,2296
2020-01-10,3510
2020-01-11,4956
2020-01-12,8833
2020-01-13,4388
2020-01-14,1187
2020-01-15,3329
2020-01-16,848
2020-01-17,920
2020-01-18,4046
2020-01-19,5372
2020-01-20,3212
2020-01-21,7267
2020-01-22,7510
2020-01-23,14684
2020-01-24,10353
2020-01-25,4213
2020-01-26,1675
2020-01-27,6076
2020-01-28,5572
2020-01-29,7883
2020-01-30,4515
2020-01-31,8916
2020-02-01,10800
2020-02-02,1343
2020-02-03,5581
2020-02-04,5151
2020-02-05,4604
2020-02-06,5341
2020-02-07,2684
2020-02-08,18618
2020-02-09,7220
2020-02-10,3754
2020-02-11,4424
2020-02-12,5446
2020-02-13,10942
2020-02-14,5849
2020-02-15,3635
2020-02-16,3446
2020-02-17,1136
2020-02-18,3547
2020-02-19,1947
2020-02-20,5167
2020-02-21,367
2020-02-22,6426
2020-02-23,1944
2020-02-24,4315
2020-02-25,5806
2020-02-26,4410
2020-02-27,8006
2020-02-28,9235
2020-02-29,11981
2020-03-01,7160
2020-03-02,6778
2020-03-03,6089
2020-03-04,7376
2020-03-05,10180
2020-03-06,12897
2020-03-07,5661
2020-03-08,7451
2020-03-09,770
2020-03-10,2374
2020-03-11,1722
2020-03-12,2705
2020-03-13,4402
2020-03-14,3050
2020-03-15,1759
2020-03-16,767
2020-03-17,10295
2020-03-18,720
2020-03-19,652
2020-03-20,1522
2020-03-21,3233
2020-03-22,2561
2020-03-23,647
2020-03-24,527
2020-03-25,826
2020-03-26,455
2020-03-27,996
2020-03-28,579
2020-03-29,779
2020-03-30,479
2020-03-31,576
2020-04-01,270
2020-04-02,1924
2020-04-03,1076
2020-04-04,429
2020-04-05,1463
2020-04-06,1117
2020-04-07,516
2020-04-08,539
2020-04-09,1160
2020-04-10,178
2020-04-11,785
2020-04-12,1031
2020-04-13,177
2020-04-14,603
2020-04-15,403
2020-04-16,450
2020-04-17,1419
2020-04-18,794
2020-04-19,820
2020-04-20,391
2020-04-21,630
2020-04-22,845
2020-04-23,452
2020-04-24,468
2020-04-25,1809
2020-04-26,113
2020-04-27,1057
2020-04-28,684
2020-04-29,600
2020-04-30,292
2020-05-01,1346
2020-05-02,412
2020-05-03,314
2020-05-04,3488
2020-05-05,413
2020-05-06,1848
2020-05-07,615
2020-05-08,1690
2020-05-09,641
2020-05-10,337
2020-05-11,2272
2020-05-12,845
2020-05-13,1018
2020-05-14,701
2020-05-15,1293
2020-05-16,2156
2020-05-17,322
2020-05-18,489
2020-05-19,1043
2020-05-20,1362
2020-05-21,1282
2020-05-22,1393
2020-05-23,1742
2020-05-24,5792
2020-05-25,1240
2020-05-26,7292
2020-05-27,1075
2020-05-28,1388
2020-05-29,617
2020-05-30,6485
2020-05-31,5649
2020-06-01,1648
2020-06-02,649
2020-06-03,592
2020-06-04,1293
2020-06-05,4523
2020-06-06,1393
2020-06-07,697
2020-06-08,825
2020-06-09,1291
2020-06-10,12797
2020-06-11,7325
2020-06-12,8520
2020-06-13,4990
2020-06-14,3077
2020-06-15,1102
2020-06-16,1187
2020-06-17,1986
2020-06-18,974
2020-06-19,1822
2020-06-20,3104
2020-06-21,5635
2020-06-22,3095
2020-06-23,920
2020-06-24,651
2020-06-25,5644
2020-06-26,557
2020-06-27,511
2020-06-28,205
2020-06-29,996
2020-06-30,10157
2020-07-01,2354
2020-07-02,1423
2020-07-03,8489
2020-07-04,1211
2020-07-05,2406
2020-07-07,2742
2020-07-08,2186
2020-07-09,554
2020-07-10,195
2020-07-11,377
2020-07-12,397
2020-07-13,5266
2020-07-14,553
2020-07-15,619
2020-07-16,1940
2020-07-17,1799
2020-07-18,11150
2020-07-19,133
2020-07-20,429
2020-07-21,304
2020-07-22,1492
2020-07-23,944
2020-07-24,1899
2020-07-25,901
2020-07-26,731
2020-07-27,67
2020-07-28,186
2020-07-29,453
2020-07-30,751
2020-07-31,3599
2020-08-01,656
2020-08-02,566
2020-08-03,2518
2020-08-04,712
2020-08-05,4382
2020-08-06,1036
2020-08-07,1929
2020-08-08,786
2020-08-09,6972
2020-08-10,1814
2020-08-11,184
2020-08-12,498
2020-08-13,11606
2020-08-14,860
2020-08-15,1535
2020-08-16,200
2020-08-17,641
2020-08-18,1322
2020-08-19,657
2020-08-20,1896
2020-08-21,1254
2020-08-22,1487
2020-08-23,852
2020-08-24,1365
2020-08-25,1114
2020-08-26,2186
2020-08-27,567
2020-08-28,3942
2020-08-29,12953
2020-08-30,1546
2020-08-31,1119
2020-09-01,810
2020-09-02,3004
2020-09-03,1101
2020-09-04,761
2020-09-05,1553
2020-09-06,1497
2020-09-07,6235
2020-09-08,988
2020-09-09,1482
2020-09-10,1282
2020-09-11,3172
2020-09-12,397
2020-09-13,639
2020-09-14,719
2020-09-15,4022
2020-09-16,1229
2020-09-17,825
2020-09-18,9007
2020-09-19,2414
2020-09-20,1301
2020-09-21,562
2020-09-22,715
2020-09-23,6363
2020-09-24,155
2020-09-25,1246
2020-09-26,2113
2020-09-27,1315
2020-09-28,374
2020-09-29,582
2020-09-30,990
2020-10-01,2349
2020-10-02,4504
2020-10-03,5882
2020-10-04,544
2020-10-05,744
2020-10-06,5633
2020-10-07,7252
2020-10-08,1096
2020-10-09,12119
2020-10-10,4129
2020-10-11,4459
2020-10-12,8056
2020-10-13,910
2020-10-14,8049
2020-10-15,4432
2020-10-16,8896
2020-10-17,1806
2020-10-18,5758
2020-10-19,674
2020-10-20,685
2020-10-21,393
2020-10-22,5466
2020-10-23,10950
2020-10-24,2815
2020-10-25,2950
2020-10-26,629
2020-10-27,1522
2020-10-28,9960
2020-10-29,164
2020-10-30,766
2020-10-31,6739
2020-11-01,1189
2020-11-02,558
2020-11-03,1861
2020-11-04,10928
2020-11-05,8957
2020-11-06,1058
2020-11-07,8160
2020-11-08,2599
2020-11-09,1047
2020-11-10,3170
2020-11-11,5243
2020-11-12,7552
2020-11-13,3524
2020-11-14,16896
2020-11-15,494
2020-11-16,498
2020-11-17,1043
2020-11-18,3431
2020-11-19,2329
2020-11-20,11666
2020-11-21,2289
2020-11-22,2869
2020-11-23,721
2020-11-24,441
2020-11-25,568
2020-11-26,2918
2020-11-27,1770
2020-11-28,9165
2020-11-29,1365
2020-11-30,386
2020-12-01,2213
2020-12-02,2298
2020-12-03,395
2020-12-04,975
2020-12-05,1302
2020-12-06,424
2020-12-07,899
2020-12-08,1272
2020-12-09,2383
2020-12-10,1959
2020-12-11,1168
2020-12-12,2456
2020-12-13,549
2020-12-14,683
2020-12-15,1296
2020-12-16,902
2020-12-17,888
2020-12-18,1096
2020-12-19,1723
2020-12-20,1300
2020-12-21,1905
2020-12-22,819
2020-12-23,2467
2020-12-24,1818
2020-12-25,1764
2020-12-26,1786
2020-12-27,901
2020-12-28,837
2020-12-29,1459
2020-12-30,1810
2020-12-31,3171
2021-01-01,2242
2021-01-02,1013
2021-01-03,1450
2021-01-04,1415
2021-01-05,1973
2021-01-06,304
2021-01-07,1319
2021-01-08,1634
2021-01-09,1783
2021-01-10,1505
2021-01-11,1229
2021-01-12,501
2021-01-13,4441
2021-01-14,941
2021-01-15,212
2021-01-16,4578
2021-01-17,2582
2021-01-18,759
2021-01-19,317
2021-01-20,2124
2021-01-21,247
2021-01-22,494
2021-01-23,5516
2021-01-24,1390
2021-01-25,535
2021-01-26,1275
2021-01-27,1075
2021-01-28,639
2021-01-29,373
2021-01-30,986
2021-01-31,2601
2021-02-01,236
2021-02-02,1247
2021-02-03,406
2021-02-04,140
2021-02-05,575
2021-02-06,1039
2021-02-07,2074
2021-02-08,987
2021-02-09,626
2021-02-10,1074
2021-02-11,1145
2021-02-12,4742
2021-02-13,438
2021-02-14,2268
2021-02-15,215
2021-02-16,1267
2021-02-17,2969
2021-02-18,6229
2021-02-19,3528
2021-02-20,1671
2021-02-21,3659
2021-02-22,2713
2021-02-23,683
2021-02-24,1440
2021-02-25,7510
2021-02-26,3890
2021-02-27,5440
2021-02-28,4004
2021-03-01,813
2021-03-02,1123
2021-03-03,934
2021-03-04,1579
2021-03-05,6292
2021-03-06,4687
2021-03-07,3657
2021-03-08,760
2021-03-09,1629
2021-03-10,886
2021-03-11,849
2021-03-12,1475
2021-03-13,3377
2021-03-14,2246
2021-03-15,604
2021-03-16,740
2021-03-17,693
2021-03-18,2229
2021-03-19,3026
2021-03-20,3607
2021-03-21,2155
2021-03-22,1354
2021-03-23,410
2021-03-24,4420
2021-03-25,4537
2021-03-26,4685
2021-03-27,3986
2021-03-28,1630
2021-03-29,632
2021-03-30,341
2021-03-31,4496
2021-04-01,512
2021-04-02,1916
2021-04-03,2201
2021-04-04,205
2021-04-05,370
2021-04-06,3520
2021-04-07,1004
2021-04-08,4050
2021-04-09,5623
2021-04-10,1585
2021-04-11,4128
2021-04-12,631
2021-04-13,182
2021-04-14,2752
2021-04-15,3036
2021-04-16,302
2021-04-17,1126
2021-04-18,6376
2021-04-19,2524
2021-04-20,6912
2021-04-21,3021
2021-04-22,2695
2021-04-23,1986
2021-04-24,2774
2021-04-25,540
2021-04-26,555
2021-04-27,1042
2021-04-28,793
2021-04-29,2406
2021-04-30,3171
2021-05-01,9626
2021-05-02,1617
2021-05-03,2593
2021-05-04,3761
2021-05-05,1937
2021-05-06,3948
2021-05-07,473
2021-05-08,2836
2021-05-09,1795
2021-05-10,3296
2021-05-11,2017
2021-05-12,613
2021-05-13,7445
2021-05-14,2016
2021-05-15,5417
2021-05-16,1933
2021-05-17,876
2021-05-18,4144
2021-05-19,1236
2021-05-20,5407
2021-05-21,929
2021-05-22,3296
2021-05-23,4844
2021-05-24,742
2021-05-25,1683
2021-05-26,4721
2021-05-27,7729
2021-05-28,1333
2021-05-29,1132
2021-05-30,2162
2021-05-31,2501
2021-06-01,3858
2021-06-02,3922
2021-06-03,3848
2021-06-04,12087
2021-06-05,3723
2021-06-06,2984
2021-06-07,776
2021-06-08,1931
2021-06-09,4232
2021-06-10,1645
2021-06-11,3814
2021-06-12,13363
2021-06-13,6575
2021-06-14,561
2021-06-15,2362
2021-06-16,1334
2021-06-17,1159
2021-06-18,3068
2021-06-19,2922
2021-06-20,3385
2021-06-21,1447
2021-06-22,515
2021-06-23,3223
2021-06-24,1135
2021-06-25,978
2021-06-26,745
2021-06-27,2600
2021-06-28,1201
2021-06-29,1304
2021-06-30,1340
2021-07-01,122
2021-07-02,1316
2021-07-03,1821
2021-07-04,1059
2021-07-05,1560
2021-07-06,1322
2021-07-07,2056
2021-07-08,386
2021-07-09,2272
2021-07-10,1126
2021-07-11,1100
2021-07-12,2317
2021-07-13,696
2021-07-14,589
2021-07-15,512
2021-07-16,5465
2021-07-17,305
2021-07-18,1127
2021-07-19,6331
2021-07-20,1091
2021-07-21,3402
2021-07-22,913
2021-07-23,2432
2021-07-24,11522
2021-07-25,682
2021-07-26,701
2021-07-27,799
2021-07-28,4439
2021-07-29,649
2021-07-30,3268
2021-07-31,8396
2021-08-01,1273
2021-08-02,2060
2021-08-03,671
2021-08-04,3758
2021-08-05,505
2021-08-06,967
2021-08-07,4158
2021-08-08,725
2021-08-09,3181
2021-08-10,3991
2021-08-11,4618
2021-08-12,4003
2021-08-13,1963
2021-08-14,3363
2021-08-15,1356
2021-08-16,4860
2021-08-17,2869
2021-08-18,4408
2021-08-19,4207
2021-08-20,9921
2021-08-21,12271
2021-08-22,2650
2021-08-23,3670
2021-08-24,4884
2021-08-25,1593
2021-08-26,5052
2021-08-27,3298
2021-08-28,11508
2021-08-29,5186
2021-08-30,3488
2021-08-31,2881
2021-09-01,3600
2021-09-02,3529
2021-09-03,7165
2021-09-04,19276
2021-09-05,21376
2021-09-06,9558
2021-09-07,3908
2021-09-08,5839
2021-09-09,1596
2021-09-10,7716
2021-09-11,21422
2021-09-12,16536
2021-09-13,699
2021-09-14,4990
2021-09-15,2225
2021-09-16,1740
2021-09-17,894
2021-09-18,8479
2021-09-19,10775
2021-09-20,3133
2021-09-21,6247
2021-09-22,17440
2021-09-23,2085
2021-09-24,4015
2021-09-25,17846
2021-09-26,12565
2021-09-27,9290
2021-09-28,6394
2021-09-29,9825
2021-09-30,6372
2021-10-01,5368
2021-10-02,19050
2021-10-03,22138
2021-10-04,6044
2021-10-05,4340
2021-10-06,1896
2021-10-07,10020
2021-10-08,11766
2021-10-09,7489
2021-10-10,26752
2021-10-11,14171
2021-10-12,5862
2021-10-13,4256
2021-10-14,7034
2021-10-15,9617
2021-10-16,8668
2021-10-17,40014
2021-10-18,4318
2021-10-19,8643
2021-10-20,4053
2021-10-21,8303
2021-10-22,11730
2021-10-23,3484
2021-10-24,19633
2021-10-25,1212
2021-10-26,11429
2021-10-27,7645
2021-10-28,7532
2021-10-29,3428
2021-10-30,6481
2021-10-31,19866
2021-11-01,14532
2021-11-02,11708
2021-11-03,1472
2021-11-04,3482
2021-11-05,13477
2021-11-06,10845
2021-11-07,24134
2021-11-08,2939
2021-11-09,12060
2021-11-10,4304
2021-11-11,9204
2021-11-12,5517
2021-11-13,12799
2021-11-14,10637
2021-11-15,4458
2021-11-16,8240
2021-11-17,4187
2021-11-18,9122
2021-11-19,8786
2021-11-20,18931
2021-11-21,4476
2021-11-22,6492
2021-11-23,4415
2021-11-24,7334
2021-11-25,17529
2021-11-26,2419
2021-11-27,17763
2021-11-28,1359
2021-11-29,1419
2021-11-30,483
2021-12-01,597
2021-12-02,582
2021-12-03,1157
2021-12-04,927
2021-12-05,1001
2021-12-06,5468
2021-12-07,4515
2021-12-08,6308
2021-12-09,5112
2021-12-10,8511
2021-12-11,8492
2021-12-12,8798
2021-12-13,5760
2021-12-14,4832
2021-12-15,4426
2021-12-16,3513
2021-12-17,5572
2021-12-18,11238
2021-12-19,1455
2021-12-20,1526
2021-12-21,4894
2021-12-22,5416
2021-12-23,2905
2021-12-24,17761
2021-12-25,2388
2021-12-26,2541
2021-12-27,4165
2021-12-28,6106
2021-12-29,1075
2021-12-30,6462
2021-12-31,1731
2022-01-01,6268
2022-01-02,8342
2022-01-03,613
2022-01-04,421
2022-01-05,4354
2022-01-06,8203
2022-01-07,12654
2022-01-08,6434
2022-01-09,7521
2022-01-10,1614
2022-01-11,19413
2022-01-12,9447
2022-01-13,3522
2022-01-14,3975
2022-01-15,15822
2022-01-16,1379
2022-01-17,3842
2022-01-18,1435
2022-01-19,5267
2022-01-20,956
2022-01-21,3888
2022-01-22,5241
2022-01-23,2405
2022-01-24,2233
2022-01-25,1552
2022-01-26,1870
2022-01-27,6267
2022-01-28,2490
2022-01-29,3636
2022-01-30,12724
2022-01-31,2184
2022-02-01,11312
2022-02-02,9862
2022-02-03,10655
2022-02-04,4099
2022-02-05,5470
2022-02-06,23139
2022-02-07,6271
2022-02-08,7034
2022-02-09,22486
2022-02-10,6971
2022-02-11,19852
2022-02-12,24937
2022-02-13,4440
2022-02-14,1704
2022-02-15,8163
2022-02-16,6888
2022-02-17,2986
2022-02-18,4448
2022-02-19,10639
2022-02-20,14257
2022-02-21,2632
2022-02-22,5835
2022-02-23,2558
2022-02-24,2455
2022-02-25,2115
2022-02-26,10716
2022-02-27,2750
2022-02-28,11015
2022-03-01,1931
2022-03-02,5131
2022-03-03,13542
2022-03-04,10890
2022-03-05,19025
2022-03-06,6862
2022-03-07,11441
2022-03-08,9722
2022-03-09,7000
2022-03-10,9435
2022-03-11,6395
2022-03-12,9049
2022-03-13,12004
2022-03-14,12586
2022-03-15,10561
2022-03-16,10316
2022-03-17,3685
2022-03-18,7889
2022-03-19,10651
2022-03-20,3184
2022-03-21,8431
2022-03-22,8442
2022-03-23,5740
2022-03-24,8118
2022-03-25,6126
2022-03-26,12073
2022-03-27,6081
2022-03-28,5791
2022-03-29,5872
2022-03-30,7956
2022-03-31,4653
2022-04-01,5753
2022-04-02,1312
2022-04-03,1272
2022-04-04,6251
2022-04-05,8604
2022-04-06,5793
2022-04-07,5515
2022-04-08,3422
2022-04-09,7349
2022-04-10,6549
2022-04-11,3704
2022-04-12,5957
2022-04-13,2718
2022-04-14,4110
2022-04-15,5210
2022-04-16,5426
2022-04-17,1277
2022-04-18,8485
2022-04-19,4983
2022-04-20,5814
2022-04-21,3855
2022-04-22,3908
2022-04-23,4539
2022-04-24,7420
2022-04-25,3850
2022-04-26,1995
2022-04-27,984
2022-04-28,1217
2022-04-29,2343
2022-04-30,2836
2022-05-01,5723
2022-05-02,3976
2022-05-03,3095
2022-05-04,920
2022-05-05,2746
2022-05-06,1720
2022-05-07,2937
2022-05-08,300
2022-05-09,518
2022-05-10,2305
2022-05-11,481
2022-05-12,273
2022-05-13,2469
2022-05-14,5638
2022-05-15,764
2022-05-16,1834
2022-05-17,1107
2022-05-18,3454
2022-05-19,815
2022-05-20,3598
2022-05-21,5637
2022-05-22,4807
2022-05-23,525
2022-05-24,1734
2022-05-25,3367
2022-05-26,2980
2022-05-27,3510
2022-05-28,2341
2022-05-29,7189
2022-05-30,1129
2022-05-31,3233
2022-06-01,1445
2022-06-02,1168
2022-06-03,5034
2022-06-04,6705
2022-06-05,4720
2022-06-06,2948
2022-06-07,3676
2022-06-08,1698
2022-06-09,3603
2022-06-10,3526
2022-06-11,3691
2022-06-12,3578
2022-06-13,4506
2022-06-14,3378
2022-06-15,709
2022-06-16,3326
2022-06-17,1136
2022-06-18,2287
2022-06-19,2927
2022-06-20,5563
2022-06-21,926
2022-06-22,3156
2022-06-23,2946
2022-06-24,3970
2022-06-25,1977
2022-06-26,2131
2022-06-27,394
2022-06-28,5045
2022-06-29,720
2022-06-30,6162
2022-07-01,8116
2022-07-02,9755
2022-07-03,2965
2022-07-04,3206
2022-07-05,1016
2022-07-06,722
2022-07-07,768
2022-07-08,2310
2022-07-09,3223
2022-07-10,1229
2022-07-11,2754
2022-07-12,2797
2022-07-13,439
2022-07-14,3241
2022-07-15,3338
2022-07-16,4324
2022-07-17,1197
2022-07-18,2088
2022-07-19,2072
2022-07-20,1261
2022-07-21,1268
2022-07-22,5611
2022-07-23,8839
2022-07-24,5382
2022-07-25,1236
2022-07-26,1004
2022-07-27,5399
2022-07-28,1454
2022-07-29,4959
2022-07-30,2921
2022-07-31,2562
2022-08-01,3439
2022-08-02,4937
2022-08-03,1167
2022-08-04,4829
2022-08-05,1570
2022-08-06,5448
2022-08-07,729
2022-08-08,566
2022-08-09,1382
2022-08-10,4139
2022-08-11,6190
2022-08-12,10463
2022-08-13,7340
2022-08-14,7415
2022-08-15,4270
2022-08-16,3969
2022-08-17,6242
2022-08-18,8734
2022-08-19,11894
2022-08-20,13618
2022-08-21,1956
2022-08-22,1799
2022-08-23,4030
2022-08-24,3899
2022-08-25,654
2022-08-26,4116
2022-08-27,1413
2022-08-28,3293
2022-08-29,511
2022-08-30,1236
2022-08-31,1662
2022-09-01,10046
2022-09-02,638
2022-09-03,2389
2022-09-04,1892
2022-09-05,902
2022-09-06,903
2022-09-07,379
2022-09-08,3751
2022-09-09,5787
2022-09-10,1648
2022-09-11,4624
2022-09-12,4270
2022-09-13,1099
2022-09-14,4371
2022-09-15,3315
2022-09-16,3724
2022-09-17,4732
2022-09-18,5012
2022-09-19,462
2022-09-20,7895
2022-09-21,5272
2022-09-22,4964
2022-09-23,7428
2022-09-24,8341
2022-09-25,5123
2022-09-26,1553
2022-09-27,4013
2022-09-28,1851
2022-09-29,4012
2022-09-30,7776
2022-10-01,7110
2022-10-02,1697
2022-10-03,7962
2022-10-04,2994
2022-10-05,3055
2022-10-06,3963
2022-10-07,4822
2022-10-08,12249
2022-10-09,3809
2022-10-10,1504
2022-10-11,9602
2022-10-12,1970
2022-10-13,8610
2022-10-14,6534
2022-10-15,1907
2022-10-16,1355
2022-10-17,6453
2022-10-18,1030
2022-10-19,3096
2022-10-20,1750
2022-10-21,765
2022-10-22,421
2022-10-23,834
2022-10-24,893
2022-10-25,689
2022-10-26,9516
2022-10-27,7553
2022-10-28,5693
2022-10-29,3290
2022-10-30,3337
2022-10-31,1622
2022-11-01,1744
2022-11-02,2608
2022-11-03,5074
2022-11-04,7632
2022-11-05,43390
2022-11-06,21957
2022-11-07,4899
2022-11-08,3327
2022-11-09,9736
2022-11-10,7452
2022-11-11,6697
2022-11-12,13187
2022-11-13,7778
2022-11-14,8924
2022-11-15,8180
2022-11-16,7884
2022-11-17,4701
2022-11-18,12050
2022-11-19,33656
2022-11-20,21418
2022-11-21,17198
2022-11-22,15867
2022-11-23,18277
2022-11-24,23552
2022-11-25,21588
2022-11-26,17734
2022-11-27,19891
2022-11-28,20627
2022-11-29,23202
2022-11-30,30214
2022-12-01,1408
2022-12-02,1419
2022-12-03,4592
2022-12-04,4634
2022-12-05,1760
2022-12-06,890
2022-12-07,966
2022-12-08,4372
2022-12-09,1684
2022-12-10,1188
2022-12-11,2188
2022-12-12,1323
2022-12-13,1374
2022-12-14,1657
2022-12-15,3324
2022-12-16,13666
2022-12-17,20437
2022-12-18,18683
2022-12-19,1375
2022-12-20,1507
2022-12-21,1372
2022-12-22,2020
2022-12-23,2907
2022-12-24,2633
2022-12-25,1512
2022-12-26,1738
2022-12-27,3250
2022-12-28,2269
2022-12-29,7746
2022-12-30,6849
2022-12-31,4546
2023-01-01,2963
2023-01-02,9003
2023-01-03,4316
2023-01-04,4553
2023-01-05,6586
2023-01-06,5817
2023-01-07,6067
2023-01-08,5362
2023-01-09,7088
2023-01-10,6806
2023-01-11,7911
2023-01-12,8188
2023-01-13,9776
2023-01-14,6517
2023-01-15,7543
2023-01-16,7857
2023-01-17,6781
2023-01-18,6573
2023-01-19,6477
2023-01-20,7356
2023-01-21,9550
2023-01-22,7727
2023-01-23,7574
2023-01-24,8594
2023-01-25,6451
2023-01-26,7157
2023-01-27,8705
2023-01-28,6760
2023-01-29,8473
2023-01-30,7821
2023-01-31,7738
2023-02-01,7273
2023-02-02,6829
2023-02-03,6522
2023-02-04,7783
2023-02-05,10773
2023-02-06,6761
2023-02-07,7302
2023-02-08,7409
2023-02-09,9023
2023-02-10,6661
2023-02-11,14492
2023-02-12,5865
2023-02-13,8382
2023-02-14,4602
2023-02-15,4768
2023-02-16,3285
2023-02-17,4079
2023-02-18,21352
2023-02-19,12390
2023-02-20,10148
2023-02-21,4238
2023-02-22,4223
2023-02-23,3676
2023-02-24,2858
2023-02-25,4866
2023-02-26,22161
2023-02-27,2843
2023-02-28,5164
2023-03-01,5899
2023-03-02,6494
2023-03-03,5984
2023-03-04,2887
2023-03-05,6032
2023-03-06,2560
2023-03-07,1209
2023-03-08,2038
2023-03-09,6017
2023-03-10,1060
2023-03-11,2314
2023-03-12,2865
2023-03-13,2145
2023-03-14,6056
2023-03-15,4715
2023-03-16,2245
2023-03-17,6354
2023-03-18,4887
2023-03-19,30756
2023-03-20,986
2023-03-21,10604
2023-03-22,5258
2023-03-23,6235
2023-03-24,5172
2023-03-25,8534
2023-03-26,27074
2023-03-27,2730
2023-03-28,1215
2023-03-29,733
2023-03-30,1040
2023-03-31,2518
2023-04-01,15270
2023-04-02,15622
2023-04-03,3569
2023-04-04,5747
2023-04-05,6379
2023-04-06,11387
2023-04-07,10705
2023-04-08,34612
2023-04-09,5584
2023-04-10,6168
2023-04-11,8358
2023-04-12,10634
2023-04-13,11491
2023-04-14,7199
2023-04-15,2847
2023-04-16,62194
2023-04-17,2468
2023-04-18,2295
2023-04-19,2978
2023-04-20,6510
2023-04-21,2968
2023-04-22,31492
2023-04-23,2639
2023-04-24,1410
2023-04-25,2064
2023-04-26,11243
2023-04-27,5577
2023-04-28,6601
2023-04-29,6086
2023-04-30,5483
2023-05-01,11520
2023-05-02,7956
2023-05-03,12248
2023-05-04,11012
2023-05-05,13684
2023-05-06,13779
2023-05-07,17171
2023-05-08,15639
2023-05-09,11239
2023-05-10,12183
2023-05-11,14528
2023-05-12,12540
2023-05-13,15292
2023-05-14,14187
2023-05-15,11810
2023-05-16,10372
2023-05-17,10497
2023-05-18,4330
2023-05-19,6571
2023-05-20,6212
2023-05-21,6564
2023-05-22,7345
2023-05-23,9383
2023-05-24,3980
2023-05-25,7369
2023-05-26,5620
2023-05-27,10114
2023-05-28,2282
2023-05-29,3407
2023-05-30,7290
2023-05-31,8885
2023-06-01,4120
2023-06-02,4925
2023-06-03,7238
2023-06-04,1392
2023-06-05,3031
2023-06-06,2951
2023-06-07,6223
2023-06-08,2608
2023-06-09,9159
2023-06-10,2760
2023-06-11,4585
2023-06-12,6295
2023-06-13,3413
2023-06-14,1380
2023-06-15,5621
2023-06-16,5648
2023-06-17,1704
2023-06-18,4631
2023-06-19,6385
2023-06-20,4549
2023-06-21,1362
2023-06-22,402
2023-06-23,6531
2023-06-24,4954
2023-06-25,2594
2023-06-26,1576
2023-06-27,5764
2023-06-28,4301
2023-06-29,4641
2023-06-30,4796
2023-07-01,6290
2023-07-02,11408
2023-07-03,5144
2023-07-04,3688
2023-07-05,2607
2023-07-06,4314
2023-07-07,9169
2023-07-08,5922
2023-07-09,6677
2023-07-10,1119
2023-07-11,2816
2023-07-12,5602
2023-07-13,5623
2023-07-14,4718
2023-07-15,6969
2023-07-16,1390
2023-07-17,3325
2023-07-18,5255
2023-07-19,1240
2023-07-20,1808
2023-07-21,1386
2023-07-22,7948
2023-07-23,7733
2023-07-24,509
2023-07-25,3055
2023-07-26,5290
2023-07-27,2755
2023-07-28,6117
2023-07-29,6994
2023-07-30,4995
2023-07-31,5288
2023-08-01,6572
2023-08-02,2872
2023-08-03,3860
2023-08-04,998
2023-08-05,2602
2023-08-06,1117
2023-08-07,6700
2023-08-08,2308
2023-08-09,5614
2023-08-10,6361
2023-08-11,2644
2023-08-12,4998
2023-08-13,7218
2023-08-14,5147
2023-08-15,6863
2023-08-16,4739
2023-08-17,4851
2023-08-18,6942
2023-08-19,1236
2023-08-20,8293
2023-08-21,4272
2023-08-22,1111
2023-08-23,6621
2023-08-24,3100
2023-08-25,7439
2023-08-26,6950
2023-08-27,6916
2023-08-28,6580
2023-08-29,7877
2023-08-30,5268
2023-08-31,6168
2023-09-01,16290
2023-09-02,9123
2023-09-03,6806
2023-09-04,6672
2023-09-05,7331
2023-09-06,8583
2023-09-07,7013
2023-09-08,7570
2023-09-09,7520
2023-09-10,6454
2023-09-11,5446
2023-09-12,5884
2023-09-13,6406
2023-09-14,9577
2023-09-15,7532
2023-09-16,7850
2023-09-17,7703
2023-09-18,6879
2023-09-19,8658
2023-09-20,8081
2023-09-21,7071
2023-09-22,8438
2023-09-23,10245
2023-09-24,6071
2023-09-25,8090
2023-09-26,7986
2023-09-27,7371
2023-09-28,11492
2023-09-29,6231
2023-09-30,7679
2023-10-01,7163
2023-10-02,7233
2023-10-03,6784
2023-10-04,7149
2023-10-05,6188
2023-10-06,6737
2023-10-07,6161
2023-10-08,10825
2023-10-09,7633
2023-10-10,6569
2023-10-11,6378
2023-10-12,4972
2023-10-13,9442
2023-10-14,1687
2023-10-15,1471
2023-10-16,7075
2023-10-17,7189
2023-10-18,5774
2023-10-19,7896
2023-10-20,7481
2023-10-21,8453
2023-10-22,3831
2023-10-23,1482
2023-10-24,11325
2023-10-25,1291
2023-10-26,5831
2023-10-27,4082
2023-10-28,6529
2023-10-29,10832
2023-10-30,20954
2023-10-31,11518
2023-11-01,14072
2023-11-02,20960
2023-11-03,25085
2023-11-04,15017
2023-11-05,9886
2023-11-06,13396
2023-11-07,3534
2023-11-08,8799
2023-11-09,15151
2023-11-10,11015
2023-11-11,26275
2023-11-12,15614
2023-11-13,6666
2023-11-14,11335
2023-11-15,10179
2023-11-16,8938
2023-11-17,8744
2023-11-18,8040
2023-11-19,6858
2023-11-20,8068
2023-11-21,6982
2023-11-22,8578
2023-11-23,12750
2023-11-24,6698
2023-11-25,8559
2023-11-26,10187
2023-11-27,1319
2023-11-28,5183
2023-11-29,6477
2023-11-30,5752
2023-12-01,5252
2023-12-02,7411
2023-12-03,6056
2023-12-04,6753
2023-12-05,7319
2023-12-06,7958
2023-12-07,6741
2023-12-08,9990
2023-12-09,11752
2023-12-10,8990
2023-12-11,7074
2023-12-12,6936
2023-12-13,6557
2023-12-14,6265
2023-12-15,8599
2023-12-16,13144
2023-12-17,7293
2023-12-18,5168
2023-12-19,6506
2023-12-20,7821
2023-12-21,7385
2023-12-22,5911
2023-12-23,7228
2023-12-24,10649
2023-12-25,7306
2023-12-26,7629
2023-12-27,8312
2023-12-28,10070
2023-12-29,11161
2023-12-30,7577
2023-12-31,11169
2024-01-01,9871
2024-01-02,9317
2024-01-03,8892
2024-01-04,10145
2024-01-05,9003
2024-01-06,7874
2024-01-07,10374
2024-01-08,9923
2024-01-09,9303
2024-01-10,7813
2024-01-11,12484
2024-01-12,7649
2024-01-13,11213
2024-01-14,10072
2024-01-15,10852
2024-01-16,10100
2024-01-17,10708
2024-01-18,12932
2024-01-19,10880
2024-01-20,8608
2024-01-21,9994
2024-01-22,7150
2024-01-23,10126
2024-01-24,8719
2024-01-25,10179
2024-01-26,9837
2024-01-27,10524
2024-01-28,10408
2024-01-29,10158
2024-01-30,11389
2024-01-31,10130
2024-02-01,11663
2024-02-02,13868
2024-02-03,10753
2024-02-04,12843
2024-02-05,10746
2024-02-06,10100
2024-02-07,10413
2024-02-08,11024
2024-02-09,10250
2024-02-10,11177
2024-02-11,10863
2024-02-12,10661
2024-02-13,10556
2024-02-14,10229
2024-02-15,10640
2024-02-16,10432
2024-02-17,10866
2024-02-18,18307
2024-02-19,17000
2024-02-20,11020
2024-02-21,10846
2024-02-22,10033
2024-02-23,10724
2024-02-24,11639
2024-02-25,13330
2024-02-26,10636
2024-02-27,12171
2024-02-28,11765
2024-02-29,10335
2024-03-01,13904
2024-03-02,10350
2024-03-03,10391
2024-03-04,10023
2024-03-05,10919
2024-03-06,10075
2024-03-07,11370
2024-03-08,11991
2024-03-09,13441
2024-03-10,10081
2024-03-11,10141
2024-03-12,10813
2024-03-13,10186
2024-03-14,10395
2024-03-15,11386
2024-03-16,12915
2024-03-17,7083
2024-03-18,10030
2024-03-19,10513
2024-03-20,10723
2024-03-21,6906
2024-03-22,16779
2024-03-23,19615
2024-03-24,17891
2024-03-25,21021
2024-03-26,25832
2024-03-27,7798
2024-03-28,9818
2024-03-29,22424
2024-03-30,23401
2024-03-31,12715
2024-04-01,14997
2024-04-02,11757
2024-04-03,10456
2024-04-04,11062
2024-04-05,10661
2024-04-06,11905
2024-04-07,11931
2024-04-08,10019
2024-04-09,10016
2024-04-10,10128
2024-04-11,10190
2024-04-12,10043
2024-04-13,10487
2024-04-14,10642
2024-04-15,10559
2024-04-16,10608
2024-04-17,10209
2024-04-18,10035
2024-04-19,10134
2024-04-20,10229
2024-04-21,11199
2024-04-22,11782
2024-04-23,10311
2024-04-24,12296
2024-04-25,12706
2024-04-26,10081
2024-04-27,10723
2024-04-28,10416
2024-04-29,10378
2024-04-30,12210
2024-05-01,10036
2024-05-02,10173
2024-05-03,10168
2024-05-04,15282
2024-05-05,11827
2024-05-06,11369
2024-05-07,10204
2024-05-08,8028
2024-05-09,10440
2024-05-10,11211
2024-05-11,7624
2024-05-12,6200
2024-05-13,10603
2024-05-14,10093
2024-05-15,9222
2024-05-16,7543
2024-05-17,4763
2024-05-18,4104
2024-05-19,16054
2024-05-20,10386
2024-05-21,7990
2024-05-22,4404
2024-05-23,10024
2024-05-24,5930
2024-05-25,16152
2024-05-26,12890
2024-05-27,4373
2024-05-28,5042
2024-05-29,6969
2024-05-30,4541
2024-05-31,5763
2024-06-01,15444
2024-06-02,10333
2024-06-03,8083
2024-06-04,11041
2024-06-05,7706
2024-06-06,679
2024-06-07,10526
2024-06-08,6765
2024-06-09,1844
2024-06-10,7368
2024-06-11,1942
2024-06-12,2660
2024-06-13,11000
2024-06-14,10244
2024-06-15,5127
2024-06-16,10608
2024-06-17,4714
2024-06-18,5819
2024-06-19,13714
2024-06-20,3536
2024-06-21,6333
2024-06-22,7379
2024-06-23,3072
2024-06-24,4471
2024-06-25,6779
2024-06-26,3790
2024-06-27,9170
2024-06-28,6484
2024-06-29,9465
2024-06-30,8120
2024-07-01,2631
2024-07-02,8599
2024-07-03,8904
2024-07-04,8531
2024-07-05,7564
2024-07-06,6661
2024-07-07,8303
2024-07-08,7497
2024-07-09,10179
2024-07-10,10057
2024-07-11,5861
2024-07-12,4770
2024-07-13,12914
2024-07-14,11789
2024-07-15,10396
2024-07-16,3842
2024-07-17,10487
2024-07-18,10181
2024-07-19,10918
2024-07-20,10516
2024-07-21,13031
2024-07-22,7042
2024-07-23,10395
2024-07-24,10147
2024-07-25,10152
2024-07-26,8497
2024-07-27,13440
2024-07-28,10137
2024-07-29,10535
2024-07-30,11104
2024-07-31,10114
2024-08-01,10164
2024-08-02,11494
2024-08-03,9565
2024-08-04,10434
2024-08-05,11936
2024-08-06,10053
2024-08-07,10023
2024-08-08,10286
2024-08-09,7942
2024-08-10,17198
2024-08-11,10648
2024-08-12,7108
2024-08-13,11706
2024-08-14,9880
2024-08-15,10291
2024-08-16,15895
2024-08-17,14412
2024-08-18,11304
2024-08-19,10862
2024-08-20,11009
2024-08-21,13337
2024-08-22,10610
2024-08-23,26202
2024-08-24,20593
2024-08-25,10184
2024-08-26,9079
2024-08-27,10133
2024-08-28,13633
2024-08-29,10105
2024-08-30,10497
2024-08-31,13688
2024-09-01,10247
2024-09-02,10189
2024-09-03,10460
2024-09-04,10933
2024-09-05,11770
2024-09-06,11328
2024-09-07,10291
2024-09-08,14207
2024-09-09,10048
2024-09-10,11440
2024-09-11,16895
2024-09-12,12101
2024-09-13,8910
2024-09-14,11999
2024-09-15,11233
2024-09-16,10023
2024-09-17,10568
2024-09-18,8448
2024-09-19,10141
2024-09-20,11932
2024-09-21,9382
2024-09-22,13442
2024-09-23,10888
2024-09-24,12079
2024-09-25,10007
2024-09-26,9596
2024-09-27,10149
2024-09-28,13081
2024-09-29,13053
2024-09-30,8110
2024-10-01,10230
2024-10-02,8737
2024-10-03,10107
2024-10-04,10150
2024-10-05,10198
2024-10-06,11070
2024-10-07,14288
2024-10-08,8997
2024-10-09,16160
2024-10-10,5689
2024-10-11,10698
2024-10-12,13317
2024-10-13,10505
2024-10-14,9362
2024-10-15,10256
2024-10-16,8567
2024-10-17,10454
2024-10-18,13529
2024-10-19,10813
2024-10-20,10325
2024-10-21,11109
2024-10-22,12872
2024-10-23,10568
2024-10-24,10850
2024-10-25,11952
2024-10-26,13451
2024-10-27,10244
2024-10-28,8830
2024-10-29,12438
2024-10-30,8465
2024-10-31,10457
2024-11-01,10436
2024-11-02,10475
2024-11-03,10760
2024-11-04,12549
2024-11-05,10895
2024-11-06,10125
2024-11-07,9020
2024-11-08,8577
2024-11-09,9125
2024-11-10,20191
2024-11-11,7284
2024-11-12,10048
2024-11-13,8533
2024-11-14,6476
2024-11-15,10325
2024-11-16,11847
2024-11-17,10896
2024-11-18,10088
2024-11-19,10470
2024-11-20,8866
2024-11-21,11130
2024-11-22,9464
2024-11-23,11409
2024-11-24,6147
2024-11-25,7256
2024-11-26,10784
2024-11-27,3058
2024-11-28,1796
2024-11-29,7451
2024-11-30,7378
2024-12-01,10075
2024-12-02,6513
2024-12-03,9087
2024-12-04,10635
2024-12-05,11690
2024-12-06,10511
2024-12-07,10116
2024-12-08,10365
2024-12-09,10345
2024-12-10,5876
2024-12-11,8953
2024-12-12,10033
2024-12-13,7225
2024-12-14,20856
2024-12-15,8349
2024-12-16,6014
2024-12-17,10804
2024-12-18,10172